Score,Recommendation,,,,,,,,,,,,,,,,,,Image
5,Use a gentle shampoo and conditioner. Consider avoiding heat styling. Stay hydrated and rest. Avoid stress. ,,,,,,,,,,,,,,,,,,5.jpg
10,"Consider multiple treatments like laser therapy, PRP, and hair transplant. Include iron-rich foods like red meat and leafy greens. Maintain regular sleep and a balanced lifestyle. ",,,,,,,,,,,,,,,,,,10.jpg
15,Incorporate scalp treatments twice a week. Use hair oils like coconut or olive oil. Limit hair styling. Maintain a balanced diet with proteins and vitamins.,,,,,,,,,,,,,,,,,,15.jpg
20,Focus on hair restoration treatments. Include more leafy greens like kale and broccoli in your diet for iron. Avoid stress and practice regular physical activity to improve overall health. ,,,,,,,,,,,,,,,,,,20.jpg
25,Hair treatments with keratin and protein are beneficial. Add anti-inflammatory foods like turmeric and ginger. Avoid all chemical products and opt for natural alternatives. Drink herbal teas for relaxation. ,,,,,,,,,,,,,,,,,,25.jpg
30,Consider consulting a trichologist for personalized advice. Use scalp stimulating products. Eat foods rich in omega-3 like chia seeds and walnuts. Limit processed foods. ,,,,,,,,,,,,,,,,,,30.jpg
35,Use salon-grade hair treatments for intense repair. Focus on healthy fats like avocados in your diet. Try stress-reduction techniques like yoga or deep breathing. Consult a specialist if conditions worsen. ,,,,,,,,,,,,,,,,,,35.jpg
40,Include supplements like biotin and collagen for hair regrowth. Opt for foods rich in antioxidants like blueberries and green tea. Limit screen time and practice mindfulness. ,,,,,,,,,,,,,,,,,,40.jpg
45,Consider regular scalp massages to improve circulation. Try a deep conditioning hair mask weekly. Include more vitamin-rich foods like eggs and nuts in your diet. Avoid harsh chemical treatments. ,,,,,,,,,,,,,,,,,,45.jpg
50,Add herbal oils like peppermint or lavender to your routine. Avoid chemical hair treatments. Include iron-rich foods such as spinach and beans. Engage in moderate exercise to reduce stress. ,,,,,,,,,,,,,,,,,,50.jpg
55,Opt for protein-rich hair masks. Consult with a dermatologist if the problem persists. Increase vitamin D-rich foods like salmon and mushrooms. Try meditation or relaxation techniques to manage stress. ,,,,,,,,,,,,,,,,,,55.jpg
60,"Consider a complete hair care routine with nourishing oils. Use shampoos with natural ingredients. Add foods rich in zinc like seeds, nuts, and oysters. Sleep 7-8 hours daily and focus on mental well-being. ",,,,,,,,,,,,,,,,,,60.jpg
65,Use strengthening treatments to support hair growth. Incorporate biotin into your diet. Include complex carbohydrates like whole grains in your meals. Consult a specialist for advanced treatments if needed. ,,,,,,,,,,,,,,,,,,65.jpg
70,Consult a healthcare professional for a detailed plan. Incorporate restorative hair treatments like PRP therapy. Increase your intake of fiber and plant-based foods. Seek therapy for emotional well-being. ,,,,,,,,,,,,,,,,,,70.jpg
75,Look into medical treatments like hair transplants. Keep your scalp clean and healthy with regular treatments. Increase your intake of protein-rich foods and omega-3s. Practice self-care and relaxation regularly. ,,,,,,,,,,,,,,,,,,75.jpg
80,"Hair transplant may be a recommended option. Ensure proper nutrition with a focus on lean proteins, whole grains, and vegetables. Take steps to reduce daily stress through activities like meditation. ",,,,,,,,,,,,,,,,,,80.jpg
85,Seek professional help for advanced treatments such as laser therapy. Use natural oils for deep nourishment. Include anti-inflammatory foods like ginger and turmeric in your diet. Focus on overall well-being. ,,,,,,,,,,,,,,,,,,85.jpg
90,"Use a mild shampoo and conditioner. Avoid heat treatments for your hair. Focus on hydration. Consume healthy foods like fruits, vegetables, and drink plenty of water. ",,,,,,,,,,,,,,,,,,90.jpg
95,"Advanced treatments are necessary, including consultations with top specialists. Focus on vitamins and minerals for hair regrowth. Avoid stress and incorporate relaxation techniques into your daily routine. ",,,,,,,,,,,,,,,,,,95.jpg
100,"Seek urgent professional treatment. Consider a combination of medical and cosmetic solutions for hair restoration. Focus on high-quality proteins, vitamins, and fatty acids. Seek emotional support if needed. ",,,,,,,,,,,,,,,,,,100.jpg
